{
  "eval_loss": 0.046969108283519745,
  "eval_roc_auc": 0.999778,
  "eval_accuracy": 0.987631,
  "eval_precision": 0.970825,
  "eval_recall": 0.998286,
  "eval_f1": 0.984364,
  "eval_runtime": 1768.5067,
  "eval_samples_per_second": 5.074,
  "eval_steps_per_second": 0.08,
  "epoch": 3.0,
  "eval_mem_cpu_alloc_delta": -1167360.0,
  "eval_mem_gpu_alloc_delta": 0.0,
  "eval_mem_cpu_peaked_delta": 1191936.0,
  "eval_mem_gpu_peaked_delta": 968735232.0
}