{
  "train_runtime": 21691.3238,
  "train_samples_per_second": 4.964,
  "train_steps_per_second": 0.039,
  "total_flos": 2.833232466327552e+16,
  "train_loss": 0.09375578843826077,
  "init_mem_cpu_alloc_delta": -368640.0,
  "init_mem_gpu_alloc_delta": 433780224.0,
  "init_mem_cpu_peaked_delta": 433250304.0,
  "init_mem_gpu_peaked_delta": 0.0,
  "train_mem_cpu_alloc_delta": 800735232.0,
  "train_mem_gpu_alloc_delta": 889013248.0,
  "train_mem_cpu_peaked_delta": 349814784.0,
  "train_mem_gpu_peaked_delta": 14342805504.0,
  "before_init_mem_cpu": 1501343744.0,
  "before_init_mem_gpu": 0.0,
  "epoch": 3.0
}