{
  "roc_auc": 0.999634,
  "accuracy": 0.993203,
  "precision": 0.999709,
  "recall": 0.982857,
  "f1": 0.991212,
  "confusion_matrix": [
    [
      5473,
      1
    ],
    [
      60,
      3440
    ]
  ],
  "threshold": 0.5,
  "model": "tfidf_logistic_regression"
}